title, description,images
"Blog Post 1", "Blog Content","https://i2.wp.com/www.surfer.com/wp-content/uploads/2016/10/JW_Kerr.jpg"
"Blog Post 2", "Blog Content","https://images.unsplash.com/photo-1500622944204-b135684e99fd?ixid=MXwxMjA3fDB8MHxwaG90by1wYWdlfHx8fGVufDB8fHw%3D&ixlib=rb-1.2.1&auto=format&fit=crop&w=1601&q=80"
"Blog Post 3", "Blog Content","https://encrypted-tbn0.gstatic.com/images?q=tbn:ANd9GcRQrA4PPpGOpmSHKmFeOk5R0YuWbxRYiB4Y8w&usqp=CAU"
"Blog Post 4", "Blog Content","https://images.unsplash.com/photo-1475319122043-5ca9eeceefaf?ixid=MXwxMjA3fDB8MHxzZWFyY2h8MTd8fG5hdHVyYWx8ZW58MHx8MHw%3D&ixlib=rb-1.2.1&auto=format&fit=crop&w=1500&q=60"
"Blog Post 5", "Blog Content","https://encrypted-tbn0.gstatic.com/images?q=tbn:ANd9GcRQrA4PPpGOpmSHKmFeOk5R0YuWbxRYiB4Y8w&usqp=CAU"
"Blog Post 6", "Blog Content","https://i2.wp.com/www.surfer.com/wp-content/uploads/2016/10/JW_Kerr.jpg"
"Blog Post 7", "Blog Content","https://images.unsplash.com/photo-1444080748397-f442aa95c3e5?ixid=MXwxMjA3fDB8MHxzZWFyY2h8MjZ8fG5hdHVyYWx8ZW58MHx8MHw%3D&ixlib=rb-1.2.1&auto=format&fit=crop&w=1500&q=60"
"Blog Post 8", "Blog Content","https://images.unsplash.com/photo-1500622944204-b135684e99fd?ixid=MXwxMjA3fDB8MHxwaG90by1wYWdlfHx8fGVufDB8fHw%3D&ixlib=rb-1.2.1&auto=format&fit=crop&w=1601&q=80"
"Blog Post 9", "Blog Content","https://images.unsplash.com/photo-1475319122043-5ca9eeceefaf?ixid=MXwxMjA3fDB8MHxzZWFyY2h8MTd8fG5hdHVyYWx8ZW58MHx8MHw%3D&ixlib=rb-1.2.1&auto=format&fit=crop&w=1500&q=60"
"Blog Post 10", "Blog Content","https://images.unsplash.com/photo-1475319122043-5ca9eeceefaf?ixid=MXwxMjA3fDB8MHxzZWFyY2h8MTd8fG5hdHVyYWx8ZW58MHx8MHw%3D&ixlib=rb-1.2.1&auto=format&fit=crop&w=1500&q=60"
"Blog Post 11", "Blog Content","https://images.unsplash.com/photo-1475319122043-5ca9eeceefaf?ixid=MXwxMjA3fDB8MHxzZWFyY2h8MTd8fG5hdHVyYWx8ZW58MHx8MHw%3D&ixlib=rb-1.2.1&auto=format&fit=crop&w=1500&q=60"
